"new york",a666f366-e734-495e-bc5c-dc68c47898f8,"2020-06-23 12:58:23.238631",-74.99690992629705,40.500439003187715
"new york",5c7ca8a2-dc65-4df4-9aa0-01a7ba448f3c,"2020-06-23 13:17:23.494156",-74.99687355267362,40.50066100634599
"new york",3c0a5961-b87e-4ec9-8cc2-9b27c720052e,"2020-06-23 13:13:30.185195",-74.99688268923765,40.50078755603762
"new york",d9623cd9-2ea5-4fab-a53a-48e846a07391,"2020-06-23 13:04:28.999567",-74.9968616020927,40.500816553287166
"new york",7f8b2cb4-af47-4c84-8edc-66aac14bc32d,"2020-06-23 13:01:01.348577",-74.99682342402122,40.50180016364628
"new york",5c7ca8a2-dc65-4df4-9aa0-01a7ba448f3c,"2020-06-23 13:17:55.686569",-74.99691645252395,40.5018116496011
"new york",dae0e43a-5368-4c78-a4c2-d6a503ee0840,"2020-06-23 13:27:55.654841",-74.99688763162197,40.50203654390366
"new york",a55f7789-8734-4322-9e9b-bb8b75240ff2,"2020-06-23 13:07:04.739516",-74.99699102259846,40.502291409038826
"new york",dae0e43a-5368-4c78-a4c2-d6a503ee0840,"2020-06-23 13:28:07.691506",-74.99697229852997,40.50249796481828
"new york",a8597aa2-ea10-4545-a8f0-786a2d910791,"2020-06-23 13:23:41.901785",-74.99682851760588,40.502732646624516
"new york",d9623cd9-2ea5-4fab-a53a-48e846a07391,"2020-06-23 13:03:53.94456",-74.99687190925748,40.50293334677359
"new york",eb3f36bd-fd19-4b08-be45-c39326efe8cc,"2020-06-23 13:10:07.559108",-74.99691160873893,40.50347673870039
"new york",eb3f36bd-fd19-4b08-be45-c39326efe8cc,"2020-06-23 13:08:52.341639",-74.99680675286643,40.50439938871176
"new york",d8779d15-a44e-40fa-8088-d0940d54edf7,"2020-06-23 13:30:33.912045",-74.99691227426912,40.50456350700228
"new york",615758bd-2bb1-4fcd-8bb3-26ea784d8664,"2020-06-23 13:33:43.667174",-74.9969734974378,40.504619843092705
"new york",a160796f-1608-4604-8eb2-f5bdc7b4709e,"2020-06-23 13:18:07.208826",-74.99692931296153,40.504631187050116
"new york",ead7abfc-59c0-4097-b902-28692378e119,"2020-06-23 13:22:49.458444",-74.99686726058349,40.50490835828482
"new york",3bd40b3b-f3fc-4897-ab95-640992fd3426,"2020-06-23 13:31:48.395164",-74.99698353886262,40.505728575055144
"new york",0f5b7f53-e444-4d0c-96f3-a397e7873c06,"2020-06-23 13:08:54.420495",-74.99697605199103,40.50578999616823
"new york",ed3b4465-42be-4415-83b3-1391f9230b25,"2020-06-23 13:17:55.279978",-74.99696709541341,40.50606448619283
"new york",95e89a3d-9c9e-46a9-9eec-ae609976687d,"2020-06-23 13:07:23.270183",-74.99687670970813,40.50692923090283
"new york",cc4866ca-5b64-47df-9195-293cf28524c4,"2020-06-23 13:23:57.0667",-74.9969135997095,40.50733202804436
"new york",a160796f-1608-4604-8eb2-f5bdc7b4709e,"2020-06-23 13:17:05.113169",-74.99683915213207,40.50746950466271
"new york",95e89a3d-9c9e-46a9-9eec-ae609976687d,"2020-06-23 13:08:43.980456",-74.99694578403131,40.50775325038517
"new york",80839977-c3ac-47bf-b93f-983115a6c040,"2020-06-23 13:06:09.297299",-74.99695605694589,40.50802905726712
"new york",e6f53ec0-443a-45ce-9006-cc9f3b659c9b,"2020-06-23 13:22:43.724149",-74.99694133809979,40.50814536302592
"new york",80839977-c3ac-47bf-b93f-983115a6c040,"2020-06-23 13:07:16.259981",-74.9969370125754,40.50820850533786
"new york",fdff5de4-32c8-41cc-8745-ee6323a5b209,"2020-06-23 12:55:21.451897",-74.99697278433051,40.50841812368249
"new york",dae0e43a-5368-4c78-a4c2-d6a503ee0840,"2020-06-23 13:26:55.73978",-74.99692174287748,40.508448970593236
"new york",fb0a7578-56d3-442a-90a5-ca3c5090956b,"2020-06-23 13:13:27.198911",-74.99695354334963,40.508545443901816
"new york",ead7abfc-59c0-4097-b902-28692378e119,"2020-06-23 13:22:58.071657",-74.9969084238949,40.50909939060154
"new york",84f6391f-0cc0-41b0-9f81-20cf1b46eacc,"2020-06-23 12:59:12.249575",-74.9969742707752,40.50933739213911
"new york",0996840c-e603-45cd-8779-0ef0abd3a74e,"2020-06-23 13:08:42.168786",-74.99697100243937,40.50934530165169
"new york",460b3ba7-3cfc-480d-a06f-c83202183c0d,"2020-06-23 13:16:58.82676",-74.99695988372667,40.50961748280875
"new york",dae0e43a-5368-4c78-a4c2-d6a503ee0840,"2020-06-23 13:24:49.972066",-74.99681534026358,40.50982411266691
"new york",b52494fa-e728-4142-9d3a-c0143eb30d8a,"2020-06-23 13:25:16.750232",-74.99695704487588,40.510109212545785
"new york",0f5b7f53-e444-4d0c-96f3-a397e7873c06,"2020-06-23 13:07:21.152253",-74.99692460144495,40.510332189263394
"new york",be431eb5-d4fe-4236-a38d-f78c0c6af335,"2020-06-23 13:26:37.099077",-74.99696763497406,40.51047857005207
"new york",cc4866ca-5b64-47df-9195-293cf28524c4,"2020-06-23 13:26:45.848188",-74.99691533403687,40.51079378387383
"new york",3c0a5961-b87e-4ec9-8cc2-9b27c720052e,"2020-06-23 13:13:10.266058",-74.99694914562271,40.51095055534464
"new york",163e1891-a7d5-49c0-92a2-53170985cea6,"2020-06-23 13:29:04.2637",-74.99681703207251,40.511129487785084
"new york",14a3e0a3-1039-4ade-9e97-f5ba6d031ff2,"2020-06-23 13:29:05.404129",-74.99698228031791,40.51120072653112
"new york",a9eb01b3-cf34-4567-bd9b-84b2832255e7,"2020-06-23 13:23:01.440271",-74.99694276899733,40.511648808880615
"new york",1fcb7043-4682-48ce-a636-ac5cc6681a5b,"2020-06-23 12:55:43.036041",-74.99699586034825,40.511661257958345
"new york",0b424c3c-723d-4f4a-8d9a-f6baf25ddb7c,"2020-06-23 13:07:25.001586",-74.99684187166604,40.51168049925837
"new york",eb3f36bd-fd19-4b08-be45-c39326efe8cc,"2020-06-23 13:09:33.685117",-74.99680119628559,40.51223403761459
"new york",870fdb4c-9381-4893-a7f3-e65d4a521b10,"2020-06-23 12:55:13.758876",-74.9969460250847,40.512269248431735
"new york",b52494fa-e728-4142-9d3a-c0143eb30d8a,"2020-06-23 13:27:33.002616",-74.99691194580743,40.51227690233475
"new york",0b424c3c-723d-4f4a-8d9a-f6baf25ddb7c,"2020-06-23 13:07:41.741208",-74.9969343266049,40.512291119284605
"new york",cc4866ca-5b64-47df-9195-293cf28524c4,"2020-06-23 13:23:17.872615",-74.99681344870253,40.51237044525922
"new york",06c74a67-fae5-4ba8-b5c5-765653b323a6,"2020-06-23 13:34:58.896717",-74.99689872087707,40.5125150782382
"new york",c8394af8-e7b8-4b94-b73a-2145233de5b1,"2020-06-23 13:02:04.036085",-74.99681991171205,40.51263340494658
"new york",3ff7f1c5-fe4b-41d4-8a1c-83f12fba50d7,"2020-06-23 13:31:24.279447",-74.99684687800088,40.51287149910164
"new york",0f5b7f53-e444-4d0c-96f3-a397e7873c06,"2020-06-23 13:08:47.707854",-74.99694761714335,40.51310913821505
"new york",88056cc5-99e3-4f28-b429-9aba6009bf28,"2020-06-23 13:13:00.758128",-74.99691572387417,40.513239614718486
"new york",ead7abfc-59c0-4097-b902-28692378e119,"2020-06-23 13:22:36.43695",-74.99688295184662,40.51354018085832
"new york",cc4866ca-5b64-47df-9195-293cf28524c4,"2020-06-23 13:24:48.7208",-74.99686259327433,40.513704801299085
"new york",0f5b7f53-e444-4d0c-96f3-a397e7873c06,"2020-06-23 13:09:19.841594",-74.99685521700899,40.51391755094551
"new york",95e89a3d-9c9e-46a9-9eec-ae609976687d,"2020-06-23 13:09:25.980333",-74.99696471856342,40.51416083186864
"new york",0b424c3c-723d-4f4a-8d9a-f6baf25ddb7c,"2020-06-23 13:09:37.30038",-74.99697688281347,40.514204492451455
"new york",43e7af12-380a-4aa7-ac77-591931d72ec9,"2020-06-23 13:21:43.986333",-74.99690651093293,40.514257108109184
"new york",751f3390-fe4e-40d2-95dc-6ecebd2aff1e,"2020-06-23 13:13:22.3782",-74.99680686901344,40.51441092130783
"new york",21655635-cfc3-489c-be1c-ed13c1e4a9e9,"2020-06-23 13:15:14.834625",-74.99696456558033,40.514451852869136
"new york",ead7abfc-59c0-4097-b902-28692378e119,"2020-06-23 13:23:13.181101",-74.9968568602024,40.51450074412244
"new york",0b424c3c-723d-4f4a-8d9a-f6baf25ddb7c,"2020-06-23 13:09:33.207733",-74.99688817800168,40.51464818393237
"new york",80839977-c3ac-47bf-b93f-983115a6c040,"2020-06-23 13:03:05.923755",-74.99681458214123,40.51466595838564
"new york",8efeefda-160f-4a72-b956-30d53d526131,"2020-06-23 12:58:26.217973",-74.9969383500758,40.51471979981361
"new york",dbf4b17a-fc5a-476d-8b1d-330acc1a2bbf,"2020-06-23 13:09:50.827939",-74.99690328570209,40.514836460715095
"new york",ed3b4465-42be-4415-83b3-1391f9230b25,"2020-06-23 13:16:57.484763",-74.99694836358522,40.515541004202596
"new york",dbf4b17a-fc5a-476d-8b1d-330acc1a2bbf,"2020-06-23 13:09:59.033288",-74.99686254117633,40.51579869828053
"new york",dbf4b17a-fc5a-476d-8b1d-330acc1a2bbf,"2020-06-23 13:08:28.494128",-74.99688754928876,40.516147930037235
"new york",a160796f-1608-4604-8eb2-f5bdc7b4709e,"2020-06-23 13:18:57.551532",-74.99686974460604,40.51683885729851
"new york",95e89a3d-9c9e-46a9-9eec-ae609976687d,"2020-06-23 13:09:11.935741",-74.99685852838864,40.51721171491405
"new york",ea8537a6-3b46-4d85-b456-f2e36ba503c2,"2020-06-23 13:32:01.87009",-74.99698918405439,40.51767406946515
"new york",dae0e43a-5368-4c78-a4c2-d6a503ee0840,"2020-06-23 13:24:53.252474",-74.99684386110634,40.517889399629276
"new york",460b3ba7-3cfc-480d-a06f-c83202183c0d,"2020-06-23 13:19:34.647819",-74.99697426426142,40.51825902068757
"new york",9bfec0ba-20d1-486b-be5d-a404d0672a61,"2020-06-23 13:20:19.040897",-74.996976219348,40.51839180597203
"new york",9bfec0ba-20d1-486b-be5d-a404d0672a61,"2020-06-23 13:18:31.633598",-74.99696303459794,40.5184007894045
"new york",460b3ba7-3cfc-480d-a06f-c83202183c0d,"2020-06-23 13:18:55.372097",-74.99699286364724,40.51878703150966
"new york",eb3f36bd-fd19-4b08-be45-c39326efe8cc,"2020-06-23 13:09:50.113254",-74.99685891999275,40.51881024417977
"new york",cc4866ca-5b64-47df-9195-293cf28524c4,"2020-06-23 13:24:07.51958",-74.99681390872998,40.5188702569063
"new york",5c7ca8a2-dc65-4df4-9aa0-01a7ba448f3c,"2020-06-23 13:18:26.056488",-74.99693800464938,40.51901250022526
"new york",a55f7789-8734-4322-9e9b-bb8b75240ff2,"2020-06-23 13:05:59.522565",-74.99693520908107,40.519035655207524
"new york",31b69507-8659-4fef-ba22-18ed413b5d09,"2020-06-23 13:02:58.401795",-74.99686163850258,40.52024845164908
"new york",a9eb01b3-cf34-4567-bd9b-84b2832255e7,"2020-06-23 13:24:04.695303",-74.99685170430386,40.520263449877724
"new york",b63c5539-635a-4c18-816f-cda93ce38cdc,"2020-06-23 13:31:59.537227",-74.9968387463135,40.52035124313022
"new york",a55f7789-8734-4322-9e9b-bb8b75240ff2,"2020-06-23 13:06:48.148564",-74.99694604991691,40.52066204535898
"new york",589b2b29-83c8-46a3-b2d6-6b439acb40d1,"2020-06-23 13:14:08.240539",-74.99696647519188,40.52073715868104
"new york",5c7ca8a2-dc65-4df4-9aa0-01a7ba448f3c,"2020-06-23 13:17:40.977207",-74.99695999387201,40.52074212272872
"new york",be431eb5-d4fe-4236-a38d-f78c0c6af335,"2020-06-23 13:26:58.881191",-74.99685985483463,40.52140528710579
"new york",a8597aa2-ea10-4545-a8f0-786a2d910791,"2020-06-23 13:23:13.59478",-74.99696289907428,40.521716904017936
"new york",80839977-c3ac-47bf-b93f-983115a6c040,"2020-06-23 13:03:54.50811",-74.99699075323514,40.5217499091184
"new york",b52494fa-e728-4142-9d3a-c0143eb30d8a,"2020-06-23 13:27:27.869674",-74.99697748131402,40.522412242198385
"new york",3c7593f2-e60b-45b1-ba2d-7417eee4577f,"2020-06-23 13:14:59.688276",-74.99689970935175,40.52290696725862
"new york",dae0e43a-5368-4c78-a4c2-d6a503ee0840,"2020-06-23 13:28:40.957634",-74.9968483523175,40.52362383226874
"new york",a160796f-1608-4604-8eb2-f5bdc7b4709e,"2020-06-23 13:17:27.927783",-74.99695907748232,40.5239923761591
"new york",a666f366-e734-495e-bc5c-dc68c47898f8,"2020-06-23 12:59:59.924065",-74.99698483421533,40.524006992618446
"new york",82d1419a-983d-4050-943f-12e927e42258,"2020-06-23 13:16:35.539177",-74.99686248342667,40.52421542025882
"new york",a9eb01b3-cf34-4567-bd9b-84b2832255e7,"2020-06-23 13:24:12.099094",-74.99696910932781,40.524692618071505
"new york",b33b8f14-7481-414a-aa6f-4df6215f35f4,"2020-06-23 12:53:55.002768",-74.99684313394926,40.52541255966283
"new york",e6f53ec0-443a-45ce-9006-cc9f3b659c9b,"2020-06-23 13:24:42.812634",-74.99689278240042,40.52564640241199
"new york",95e89a3d-9c9e-46a9-9eec-ae609976687d,"2020-06-23 13:09:58.279534",-74.99698464087372,40.52575115498476
"new york",be431eb5-d4fe-4236-a38d-f78c0c6af335,"2020-06-23 13:26:39.418813",-74.99682783936176,40.52577837173713
"new york",0b0df441-af57-4e3d-9053-142fff909a59,"2020-06-23 12:54:05.561146",-74.99699014453063,40.52580533426363
"new york",95e89a3d-9c9e-46a9-9eec-ae609976687d,"2020-06-23 13:07:52.980217",-74.9969712906458,40.52589902324122
"new york",bfcfbb78-74aa-4546-9762-e464b322e483,"2020-06-23 13:12:56.910606",-74.99691770763972,40.5259716221884
"new york",460b3ba7-3cfc-480d-a06f-c83202183c0d,"2020-06-23 13:16:26.760147",-74.99696600585993,40.52679129427862
"new york",9bfec0ba-20d1-486b-be5d-a404d0672a61,"2020-06-23 13:20:04.972092",-74.99695645554061,40.52700196976542
"new york",84f6391f-0cc0-41b0-9f81-20cf1b46eacc,"2020-06-23 12:58:16.696361",-74.99687769683574,40.527124422414914
"new york",fcf1403d-59a8-4f96-8010-8e7e1c585bfb,"2020-06-23 13:28:49.05376",-74.99696167488877,40.52738528231135
"new york",82d1419a-983d-4050-943f-12e927e42258,"2020-06-23 13:17:26.398281",-74.99682419224162,40.52755852058049
"new york",9d2167c1-c176-41b7-ba84-1af58b03460d,"2020-06-23 13:14:08.133774",-74.99694123155804,40.528256030149905
"new york",0996840c-e603-45cd-8779-0ef0abd3a74e,"2020-06-23 13:08:41.406254",-74.99697423861231,40.52827309823199
"new york",a666f366-e734-495e-bc5c-dc68c47898f8,"2020-06-23 12:58:24.280211",-74.99694495155413,40.528904805916426
"new york",dbf4b17a-fc5a-476d-8b1d-330acc1a2bbf,"2020-06-23 13:09:29.839371",-74.996977938249,40.52893644052079
"new york",460b3ba7-3cfc-480d-a06f-c83202183c0d,"2020-06-23 13:16:55.181011",-74.99690615843997,40.529162098479986
"new york",8efeefda-160f-4a72-b956-30d53d526131,"2020-06-23 12:58:42.89177",-74.9968720874616,40.52923854046993
"new york",a8597aa2-ea10-4545-a8f0-786a2d910791,"2020-06-23 13:24:40.028124",-74.99692950479901,40.52965704188884
"new york",95e89a3d-9c9e-46a9-9eec-ae609976687d,"2020-06-23 13:08:23.450654",-74.99682544070039,40.53011957665133
"new york",cced781f-d174-4c14-bee1-a6b9001c4239,"2020-06-23 13:21:42.43406",-74.99689273200451,40.53028786913631
"new york",ea8537a6-3b46-4d85-b456-f2e36ba503c2,"2020-06-23 13:31:54.056419",-74.99687606959219,40.53041714801739
"new york",bfcfbb78-74aa-4546-9762-e464b322e483,"2020-06-23 13:12:37.743179",-74.99692575113784,40.530675368537054
"new york",82d1419a-983d-4050-943f-12e927e42258,"2020-06-23 13:20:36.214525",-74.99687358529907,40.53072829829349
"new york",dae0e43a-5368-4c78-a4c2-d6a503ee0840,"2020-06-23 13:27:07.83257",-74.99687892282947,40.53075700725407
"new york",dbf4b17a-fc5a-476d-8b1d-330acc1a2bbf,"2020-06-23 13:07:56.850122",-74.99695786231077,40.53079501846121
"new york",460b3ba7-3cfc-480d-a06f-c83202183c0d,"2020-06-23 13:16:46.3603",-74.99695655093943,40.53095683034798
"new york",dae0e43a-5368-4c78-a4c2-d6a503ee0840,"2020-06-23 13:23:26.710605",-74.99681910351978,40.53096463730612
"new york",02d66d24-bc42-4090-b2af-c07259cb968c,"2020-06-23 13:29:59.603146",-74.99691073993179,40.53120922832306
"new york",be431eb5-d4fe-4236-a38d-f78c0c6af335,"2020-06-23 13:25:09.250738",-74.99689048909389,40.531416845055276
"new york",a9eb01b3-cf34-4567-bd9b-84b2832255e7,"2020-06-23 13:23:30.585256",-74.99686618257223,40.53163401616211
"new york",bbaf9875-4deb-4d32-b4fa-179a598f6f22,"2020-06-23 12:55:06.711952",-74.99698596043044,40.531788173496864
"new york",9bfec0ba-20d1-486b-be5d-a404d0672a61,"2020-06-23 13:16:17.05868",-74.99694334538405,40.53183348936626
"new york",0996840c-e603-45cd-8779-0ef0abd3a74e,"2020-06-23 13:10:05.766338",-74.99680101555698,40.53218780968334
"new york",06e173cc-cf57-4525-8726-fab2e8acc679,"2020-06-23 13:00:14.427727",-74.9969611154927,40.532289455977285
"new york",dae0e43a-5368-4c78-a4c2-d6a503ee0840,"2020-06-23 13:22:51.061484",-74.99686654330651,40.53240116121397
"new york",460b3ba7-3cfc-480d-a06f-c83202183c0d,"2020-06-23 13:18:21.532407",-74.99694282457637,40.532520417886055
"new york",d9623cd9-2ea5-4fab-a53a-48e846a07391,"2020-06-23 13:06:56.538024",-74.99685467040892,40.53253786404352
"new york",1883d86e-bff3-4384-ab13-8cd7c0534bb0,"2020-06-23 13:11:02.947741",-74.99684851689874,40.532547315741866
"new york",d05b5a10-6900-44b3-974e-d1cc530c53e8,"2020-06-23 13:29:41.584024",-74.99688134928915,40.532603663110486
"new york",82d1419a-983d-4050-943f-12e927e42258,"2020-06-23 13:20:59.68296",-74.99690064859459,40.53263049078205
"new york",0b424c3c-723d-4f4a-8d9a-f6baf25ddb7c,"2020-06-23 13:10:42.96039",-74.99690157467332,40.53281290826146
"new york",490df154-8853-46b3-8ad7-ecc4b2e07934,"2020-06-23 13:13:43.627397",-74.9968479310595,40.53291273216445
"new york",06e173cc-cf57-4525-8726-fab2e8acc679,"2020-06-23 13:00:21.448506",-74.99697667189986,40.53311156290204
"new york",c7161ee5-9e15-4f00-848c-60bb65cf205e,"2020-06-23 12:55:14.688344",-74.99690872262654,40.53329751473051
"new york",ead7abfc-59c0-4097-b902-28692378e119,"2020-06-23 13:22:47.461481",-74.99694919236886,40.53332568465347
"new york",cde26874-0851-4b70-9008-bf1cde677518,"2020-06-23 13:05:13.916742",-74.99694487298892,40.53341853379362
"new york",a666f366-e734-495e-bc5c-dc68c47898f8,"2020-06-23 12:56:40.843238",-74.99695298259746,40.53350055660752
"new york",3f8d2e22-0a1a-494c-9ed9-b30ad78df0bb,"2020-06-23 13:12:49.821142",-74.99693637413013,40.53352516491347
"new york",b63b162f-61cd-4ae1-9714-1978519e9826,"2020-06-23 12:53:40.830712",-74.99698936620095,40.533883207293215
"new york",82d1419a-983d-4050-943f-12e927e42258,"2020-06-23 13:16:51.72738",-74.9968043890009,40.53410063770592
"new york",80839977-c3ac-47bf-b93f-983115a6c040,"2020-06-23 13:05:54.967229",-74.99699881341124,40.53453604561936
"new york",d0871281-9b7a-44e2-8906-8b182f32036b,"2020-06-23 13:13:37.812454",-74.99690765343414,40.53455221852703
"new york",ed3b4465-42be-4415-83b3-1391f9230b25,"2020-06-23 13:18:02.595661",-74.99685191574832,40.53480662172701
"new york",9f07a676-d6f4-42ce-b252-eab30069622c,"2020-06-23 13:13:07.863394",-74.99693511703028,40.53515600505332
"new york",3c0a5961-b87e-4ec9-8cc2-9b27c720052e,"2020-06-23 13:13:17.027212",-74.99696553523256,40.535346622695926
"new york",f67d0a2f-a24c-41c0-a4f6-3b2610b41aab,"2020-06-23 13:33:31.2005",-74.99694022131028,40.53539857875144
"new york",460b3ba7-3cfc-480d-a06f-c83202183c0d,"2020-06-23 13:18:16.455749",-74.99695133504876,40.53547209701343
"new york",a55f7789-8734-4322-9e9b-bb8b75240ff2,"2020-06-23 13:07:11.604203",-74.99680223670359,40.5354808622297
"new york",dbf4b17a-fc5a-476d-8b1d-330acc1a2bbf,"2020-06-23 13:07:42.172805",-74.99686935399252,40.53661903204246
"new york",31b69507-8659-4fef-ba22-18ed413b5d09,"2020-06-23 13:02:26.723975",-74.99691976883187,40.536643034013885
"new york",5c7ca8a2-dc65-4df4-9aa0-01a7ba448f3c,"2020-06-23 13:17:45.790628",-74.9968754563896,40.536906149792
"new york",31b69507-8659-4fef-ba22-18ed413b5d09,"2020-06-23 13:03:12.685124",-74.99698858519142,40.53694509179934
"new york",b52494fa-e728-4142-9d3a-c0143eb30d8a,"2020-06-23 13:25:43.72584",-74.9969717334839,40.53704932090699
"new york",84f6391f-0cc0-41b0-9f81-20cf1b46eacc,"2020-06-23 12:59:06.983922",-74.99687683785615,40.53729328211091
"new york",dae0e43a-5368-4c78-a4c2-d6a503ee0840,"2020-06-23 13:26:55.662789",-74.99687031197976,40.53743193247742
"new york",bfcfbb78-74aa-4546-9762-e464b322e483,"2020-06-23 13:12:59.57581",-74.99699252360024,40.53760098624572
"new york",80839977-c3ac-47bf-b93f-983115a6c040,"2020-06-23 13:05:54.455266",-74.99687026511961,40.53803910280603
"new york",dc089a12-398f-4a40-a21e-85ea617dfada,"2020-06-23 13:01:26.478294",-74.99689428595785,40.53871985275354
"new york",ed3b4465-42be-4415-83b3-1391f9230b25,"2020-06-23 13:20:46.50005",-74.99693152632271,40.53881267135165
"new york",9c2f62a5-299e-45d2-b8eb-ecbe73f1b80d,"2020-06-23 13:14:10.751063",-74.9969098639156,40.5392326532427
"new york",ed3b4465-42be-4415-83b3-1391f9230b25,"2020-06-23 13:16:51.793512",-74.99687732047929,40.53945648509633
"new york",5c7ca8a2-dc65-4df4-9aa0-01a7ba448f3c,"2020-06-23 13:16:54.637832",-74.99689261085284,40.53958028265522
"new york",ead7abfc-59c0-4097-b902-28692378e119,"2020-06-23 13:23:08.258723",-74.99687966202086,40.53985578867835
"new york",4d5d0dc9-f158-4664-a17d-f379c5a33e69,"2020-06-23 12:59:49.230722",-74.99693225469314,40.540490059785675
"new york",ead7abfc-59c0-4097-b902-28692378e119,"2020-06-23 13:24:21.831431",-74.99683489677878,40.540500399858004
"new york",c8394af8-e7b8-4b94-b73a-2145233de5b1,"2020-06-23 13:02:05.870268",-74.99698129450094,40.540771625793965
"new york",a9d132e9-f2b3-4db6-923e-a91a93658be6,"2020-06-23 13:34:53.376172",-74.99686940784758,40.541172136630834
"new york",9c2f62a5-299e-45d2-b8eb-ecbe73f1b80d,"2020-06-23 13:14:18.792216",-74.99686552557223,40.54126130921084
"new york",82d1419a-983d-4050-943f-12e927e42258,"2020-06-23 13:17:28.181337",-74.99684939112859,40.54150916304714
"new york",e6858817-169b-4134-82f2-61d8e957641d,"2020-06-23 13:28:53.970273",-74.99696526309542,40.54169681316545
"new york",dae0e43a-5368-4c78-a4c2-d6a503ee0840,"2020-06-23 13:25:00.854439",-74.99697977131036,40.54198773237611
"new york",a54105bb-a12f-4574-8d10-12e264bbab3f,"2020-06-23 12:54:22.53263",-74.9968227493395,40.5422958205472
"new york",8efeefda-160f-4a72-b956-30d53d526131,"2020-06-23 12:56:52.790719",-74.99696375714036,40.542587034068305
"new york",fdff5de4-32c8-41cc-8745-ee6323a5b209,"2020-06-23 12:55:25.714725",-74.99688544162004,40.54287639921302
"new york",fdff5de4-32c8-41cc-8745-ee6323a5b209,"2020-06-23 12:55:43.757459",-74.99680855525092,40.54301006468392
"new york",edcb35d4-5439-436c-93e8-24c321e4964d,"2020-06-23 13:11:25.945132",-74.99697393981069,40.5436827250044
"new york",b28ea3be-e842-4c69-a81f-04a8b18537b4,"2020-06-23 13:31:11.120859",-74.99696546441278,40.54397475266458
"new york",cc4866ca-5b64-47df-9195-293cf28524c4,"2020-06-23 13:22:52.06716",-74.99687628261049,40.544029922821935
"new york",699182a8-308e-4931-b782-5f78435e8e3e,"2020-06-23 13:30:48.902577",-74.99699921207927,40.544331114039764
"new york",a666f366-e734-495e-bc5c-dc68c47898f8,"2020-06-23 12:59:54.432246",-74.99690314322777,40.5443704707068
"new york",460b3ba7-3cfc-480d-a06f-c83202183c0d,"2020-06-23 13:20:18.891376",-74.99681012231697,40.544725838099545
"new york",a9eb01b3-cf34-4567-bd9b-84b2832255e7,"2020-06-23 13:22:42.016057",-74.99696331334093,40.54478792607028
"new york",a160796f-1608-4604-8eb2-f5bdc7b4709e,"2020-06-23 13:19:31.013838",-74.99699014526446,40.545014579590664
"new york",dae0e43a-5368-4c78-a4c2-d6a503ee0840,"2020-06-23 13:25:03.167366",-74.99687406247638,40.54505387053821
"new york",9d2167c1-c176-41b7-ba84-1af58b03460d,"2020-06-23 13:13:57.142111",-74.9969700999888,40.54568095262138
"new york",a617fa74-fbd7-4352-a1d7-20c3889f7b2d,"2020-06-23 12:54:18.742177",-74.99683873944993,40.54571205912786
"new york",dae0e43a-5368-4c78-a4c2-d6a503ee0840,"2020-06-23 13:24:48.684955",-74.99686700142651,40.54571609613744
"new york",9f07a676-d6f4-42ce-b252-eab30069622c,"2020-06-23 13:12:33.311817",-74.99692801800286,40.54573384047361
"new york",3c0a5961-b87e-4ec9-8cc2-9b27c720052e,"2020-06-23 13:12:28.327601",-74.99698062519131,40.54609546930442
"new york",a160796f-1608-4604-8eb2-f5bdc7b4709e,"2020-06-23 13:20:52.377617",-74.99688634336624,40.5461367375626
"new york",80839977-c3ac-47bf-b93f-983115a6c040,"2020-06-23 13:04:43.507488",-74.99693698485892,40.546315945254236
"new york",9c2f62a5-299e-45d2-b8eb-ecbe73f1b80d,"2020-06-23 13:14:08.924823",-74.99692696823753,40.546587654506666
"new york",be431eb5-d4fe-4236-a38d-f78c0c6af335,"2020-06-23 13:27:00.317522",-74.99696805910821,40.54680752580564
"new york",31b69507-8659-4fef-ba22-18ed413b5d09,"2020-06-23 13:06:27.4453",-74.99688749174278,40.54691938314688
"new york",486cb89a-2759-483a-8c1e-2896351e85eb,"2020-06-23 13:11:56.997903",-74.99695395647076,40.54695812034056
"new york",a160796f-1608-4604-8eb2-f5bdc7b4709e,"2020-06-23 13:17:03.015861",-74.99690862099783,40.547109026634836
"new york",31b69507-8659-4fef-ba22-18ed413b5d09,"2020-06-23 13:02:36.177026",-74.99698528034385,40.547210025329804
"new york",a55f7789-8734-4322-9e9b-bb8b75240ff2,"2020-06-23 13:06:46.384807",-74.9969109550341,40.54755638253494
"new york",ed3b4465-42be-4415-83b3-1391f9230b25,"2020-06-23 13:19:08.885821",-74.99680528651794,40.547648976911226
"new york",6a4ffca5-4f04-4d17-9251-87b43a250a8e,"2020-06-23 13:15:34.583358",-74.99688290450936,40.54767959587507
"new york",c8394af8-e7b8-4b94-b73a-2145233de5b1,"2020-06-23 13:04:01.98419",-74.99685241719723,40.547701935941824
"new york",0f5b7f53-e444-4d0c-96f3-a397e7873c06,"2020-06-23 13:09:51.255255",-74.99685235902521,40.547709363695596
"new york",31b69507-8659-4fef-ba22-18ed413b5d09,"2020-06-23 13:03:39.2807",-74.9968795069797,40.547842360317254
"new york",9bfec0ba-20d1-486b-be5d-a404d0672a61,"2020-06-23 13:17:12.493186",-74.99694989892836,40.54811036255539
"new york",460b3ba7-3cfc-480d-a06f-c83202183c0d,"2020-06-23 13:18:25.784041",-74.99689075245242,40.54822171013963
"new york",5c7ca8a2-dc65-4df4-9aa0-01a7ba448f3c,"2020-06-23 13:15:41.80838",-74.99696788042627,40.54872710040149
"new york",10507401-9ca5-4b63-b6e9-fb80ddecbd35,"2020-06-23 13:13:32.858851",-74.99691103758646,40.548749583257525
"new york",be431eb5-d4fe-4236-a38d-f78c0c6af335,"2020-06-23 13:28:26.21217",-74.99692998187638,40.54891669525444
"new york",994b3c43-1cab-4cf8-8258-d0ec348e1168,"2020-06-23 13:13:12.740758",-74.99683286426942,40.549109673625146
"new york",cc4866ca-5b64-47df-9195-293cf28524c4,"2020-06-23 13:26:03.572709",-74.9968882755497,40.54923589076071
"new york",cc4866ca-5b64-47df-9195-293cf28524c4,"2020-06-23 13:27:10.440052",-74.99683494584261,40.549334405483826
"new york",7ba649c2-872e-404a-b772-54cada7d6355,"2020-06-23 13:29:42.174758",-74.99680798113712,40.54980012912209
"new york",5c7ca8a2-dc65-4df4-9aa0-01a7ba448f3c,"2020-06-23 13:16:25.811787",-74.99698664130061,40.549835619832194
"new york",84f6391f-0cc0-41b0-9f81-20cf1b46eacc,"2020-06-23 12:57:13.509641",-74.99695175204404,40.55009653601343
"new york",3ff7f1c5-fe4b-41d4-8a1c-83f12fba50d7,"2020-06-23 13:31:37.863454",-74.99695022247057,40.55039481626049
"new york",5c7ca8a2-dc65-4df4-9aa0-01a7ba448f3c,"2020-06-23 13:20:59.314857",-74.9969338752673,40.55045792896791
"new york",dae0e43a-5368-4c78-a4c2-d6a503ee0840,"2020-06-23 13:25:44.608314",-74.99681741499793,40.550615892557566
"new york",a666f366-e734-495e-bc5c-dc68c47898f8,"2020-06-23 12:59:06.959264",-74.99692355609817,40.55068488437511
"new york",dbf4b17a-fc5a-476d-8b1d-330acc1a2bbf,"2020-06-23 13:07:49.270356",-74.99692779314108,40.550742650421064
"new york",d9623cd9-2ea5-4fab-a53a-48e846a07391,"2020-06-23 13:02:15.232916",-74.9969290717061,40.55178455378048
"new york",dae0e43a-5368-4c78-a4c2-d6a503ee0840,"2020-06-23 13:24:42.344428",-74.99687355714167,40.55218252191787
"new york",a8597aa2-ea10-4545-a8f0-786a2d910791,"2020-06-23 13:24:00.523771",-74.9968076241404,40.55226362931796
"new york",a160796f-1608-4604-8eb2-f5bdc7b4709e,"2020-06-23 13:19:05.098266",-74.99694783075938,40.55226656921271
"new york",a160796f-1608-4604-8eb2-f5bdc7b4709e,"2020-06-23 13:16:47.524153",-74.99690269439607,40.55229875102518
"new york",0b424c3c-723d-4f4a-8d9a-f6baf25ddb7c,"2020-06-23 13:08:51.369819",-74.99698464551169,40.552397739608146
"new york",dbf4b17a-fc5a-476d-8b1d-330acc1a2bbf,"2020-06-23 13:08:31.336382",-74.99689590027191,40.55240258611363
"new york",ead7abfc-59c0-4097-b902-28692378e119,"2020-06-23 13:23:56.247467",-74.99687208897213,40.55240683237543
"new york",dbf4b17a-fc5a-476d-8b1d-330acc1a2bbf,"2020-06-23 13:09:55.451773",-74.99683498418636,40.552591588843505
"new york",b52494fa-e728-4142-9d3a-c0143eb30d8a,"2020-06-23 13:27:45.049747",-74.99683455856523,40.55356004170336
"new york",e858ffa9-15ff-47dd-adc0-533ce2aec87e,"2020-06-23 13:00:42.647694",-74.99682825671897,40.55378524014947
"new york",31b69507-8659-4fef-ba22-18ed413b5d09,"2020-06-23 13:05:39.897789",-74.99692257910313,40.55411550217115
"new york",460b3ba7-3cfc-480d-a06f-c83202183c0d,"2020-06-23 13:17:34.822169",-74.99682606371383,40.55441763606512
"new york",d0871281-9b7a-44e2-8906-8b182f32036b,"2020-06-23 13:12:16.30228",-74.99688895692005,40.554494782877825
"new york",460b3ba7-3cfc-480d-a06f-c83202183c0d,"2020-06-23 13:17:11.263954",-74.99687180969968,40.55503350903249
"new york",a55f7789-8734-4322-9e9b-bb8b75240ff2,"2020-06-23 13:06:32.150092",-74.99681116653082,40.55541602957992
"new york",ed3b4465-42be-4415-83b3-1391f9230b25,"2020-06-23 13:16:17.866021",-74.99692068131434,40.555614291684506
"new york",0b424c3c-723d-4f4a-8d9a-f6baf25ddb7c,"2020-06-23 13:10:16.359269",-74.99687416088318,40.55568007462936
"new york",dbf4b17a-fc5a-476d-8b1d-330acc1a2bbf,"2020-06-23 13:08:26.775558",-74.99688888127264,40.556478860444585
"new york",ead7abfc-59c0-4097-b902-28692378e119,"2020-06-23 13:22:45.092715",-74.99696570466806,40.55681811447574
"new york",0b424c3c-723d-4f4a-8d9a-f6baf25ddb7c,"2020-06-23 13:07:24.076459",-74.99688775320672,40.55726745497967
"new york",82d1419a-983d-4050-943f-12e927e42258,"2020-06-23 13:20:12.857114",-74.99695387446617,40.55736624761843
"new york",b0888518-f7fa-4882-85be-12c1048b3b7e,"2020-06-23 13:01:09.776227",-74.99693453380281,40.55781675548857
"new york",ed3b4465-42be-4415-83b3-1391f9230b25,"2020-06-23 13:20:51.935568",-74.99680909725654,40.5585502056155
"new york",31b69507-8659-4fef-ba22-18ed413b5d09,"2020-06-23 13:02:39.191634",-74.99696494035628,40.5586592942301
"new york",9d2167c1-c176-41b7-ba84-1af58b03460d,"2020-06-23 13:13:56.126616",-74.9968360272566,40.558849172294714
"new york",0f5b7f53-e444-4d0c-96f3-a397e7873c06,"2020-06-23 13:07:24.105529",-74.99685687475258,40.55897001773009
"new york",82d1419a-983d-4050-943f-12e927e42258,"2020-06-23 13:18:57.350631",-74.99685571904253,40.559177683589006
"new york",a9eb01b3-cf34-4567-bd9b-84b2832255e7,"2020-06-23 13:24:29.860233",-74.99699068312398,40.559278860144516
"new york",a160796f-1608-4604-8eb2-f5bdc7b4709e,"2020-06-23 13:20:09.864729",-74.99692717902428,40.55933734282762
"new york",80839977-c3ac-47bf-b93f-983115a6c040,"2020-06-23 13:03:12.525865",-74.99683685424631,40.55995076133323
"new york",d9623cd9-2ea5-4fab-a53a-48e846a07391,"2020-06-23 13:03:54.219954",-74.99681030739751,40.55998304363348
"new york",be431eb5-d4fe-4236-a38d-f78c0c6af335,"2020-06-23 13:26:57.774177",-74.99688575629035,40.560039656338674
"new york",0b424c3c-723d-4f4a-8d9a-f6baf25ddb7c,"2020-06-23 13:09:16.416744",-74.99685283494445,40.5604018114235
"new york",ed3b4465-42be-4415-83b3-1391f9230b25,"2020-06-23 13:19:20.514135",-74.99694446710967,40.56116816833475
"new york",cc4866ca-5b64-47df-9195-293cf28524c4,"2020-06-23 13:23:29.028822",-74.99682361959933,40.56118641665427
"new york",5c7ca8a2-dc65-4df4-9aa0-01a7ba448f3c,"2020-06-23 13:18:50.257631",-74.9968061752942,40.561194775461274
"new york",1e0eb135-448e-47a1-8c54-4e66dd4068bb,"2020-06-23 13:29:19.908055",-74.99690150174476,40.561301743138
"new york",0f5b7f53-e444-4d0c-96f3-a397e7873c06,"2020-06-23 13:10:51.468414",-74.99694949706222,40.56173026123243
"new york",97fa59ae-a1d2-48d1-865f-3943ea608abb,"2020-06-23 12:53:40.277817",-74.99695635021409,40.56182493860768
"new york",31b69507-8659-4fef-ba22-18ed413b5d09,"2020-06-23 13:06:06.178566",-74.99698685483813,40.56184611338408
"new york",ead7abfc-59c0-4097-b902-28692378e119,"2020-06-23 13:23:04.626625",-74.99681108491765,40.561898359617985
"new york",dbf4b17a-fc5a-476d-8b1d-330acc1a2bbf,"2020-06-23 13:08:26.843766",-74.99695723922306,40.562022325609455
"new york",dae0e43a-5368-4c78-a4c2-d6a503ee0840,"2020-06-23 13:25:16.396622",-74.99686395168449,40.56241669512323
"new york",8efeefda-160f-4a72-b956-30d53d526131,"2020-06-23 12:58:53.530987",-74.99681542707245,40.56251277616702
"new york",d0871281-9b7a-44e2-8906-8b182f32036b,"2020-06-23 13:13:01.199158",-74.9969633930997,40.562864470359294
"new york",0996840c-e603-45cd-8779-0ef0abd3a74e,"2020-06-23 13:10:31.183934",-74.99689700987732,40.56298400111395
"new york",9bfec0ba-20d1-486b-be5d-a404d0672a61,"2020-06-23 13:17:30.863366",-74.99698321878928,40.56363426413595
"new york",ed3b4465-42be-4415-83b3-1391f9230b25,"2020-06-23 13:19:02.720372",-74.99688886689258,40.56382534258712
"new york",84f6391f-0cc0-41b0-9f81-20cf1b46eacc,"2020-06-23 12:57:14.654325",-74.99685907980893,40.563838049558555
"new york",d0871281-9b7a-44e2-8906-8b182f32036b,"2020-06-23 13:13:15.133709",-74.99694434513087,40.56391905696536
"new york",3ff7f1c5-fe4b-41d4-8a1c-83f12fba50d7,"2020-06-23 13:31:30.196526",-74.99698451718542,40.56501787528918
"new york",b63b162f-61cd-4ae1-9714-1978519e9826,"2020-06-23 12:53:41.735073",-74.99690707945643,40.565401173758566
"new york",f09d0615-92b3-4f56-ba14-fce59b314439,"2020-06-23 13:01:22.205037",-74.99699482794381,40.56544242282124
"new york",cc4866ca-5b64-47df-9195-293cf28524c4,"2020-06-23 13:25:21.919021",-74.99699864143032,40.56574048750754
"new york",5c7ca8a2-dc65-4df4-9aa0-01a7ba448f3c,"2020-06-23 13:20:34.618753",-74.99690770350236,40.56593409246932
"new york",0f5b7f53-e444-4d0c-96f3-a397e7873c06,"2020-06-23 13:10:53.531107",-74.99697947693565,40.56614397645342
"new york",61b9e1aa-0d03-449a-82e5-c5258b83f92d,"2020-06-23 13:32:48.558267",-74.9968087415462,40.56671683514247
"new york",31b69507-8659-4fef-ba22-18ed413b5d09,"2020-06-23 13:02:13.708462",-74.9969392410053,40.566795669166005
"new york",460b3ba7-3cfc-480d-a06f-c83202183c0d,"2020-06-23 13:15:48.10289",-74.99684231843894,40.56692889650135
"new york",9bfec0ba-20d1-486b-be5d-a404d0672a61,"2020-06-23 13:17:29.354113",-74.99680056019844,40.56735152427041
"new york",cc4866ca-5b64-47df-9195-293cf28524c4,"2020-06-23 13:25:54.752575",-74.99697934085945,40.567769056233054
"new york",77e77dbd-2524-46df-a4ad-cd3b4250a569,"2020-06-23 13:11:20.6584",-74.99699374708212,40.56789657317943
"new york",dae0e43a-5368-4c78-a4c2-d6a503ee0840,"2020-06-23 13:22:28.838968",-74.99692182935797,40.56822767564554
"new york",9c2f62a5-299e-45d2-b8eb-ecbe73f1b80d,"2020-06-23 13:13:49.984685",-74.99694247455693,40.56830698153689
"new york",d0871281-9b7a-44e2-8906-8b182f32036b,"2020-06-23 13:13:21.095114",-74.99691022918195,40.568643472517586
"new york",eb3f36bd-fd19-4b08-be45-c39326efe8cc,"2020-06-23 13:09:42.824197",-74.9969327726644,40.5689994091348
"new york",d9623cd9-2ea5-4fab-a53a-48e846a07391,"2020-06-23 13:01:34.944438",-74.99699631215387,40.56910519662638
"new york",263b17fa-92c4-4d0c-946f-6abd2f25064f,"2020-06-23 12:56:12.028701",-74.99685991687934,40.56911036646184
"new york",733a7f3b-b901-464b-8241-c876069cd84f,"2020-06-23 13:13:39.466788",-74.99683035131898,40.56917138346418
"new york",1a224380-9d0c-4fb5-8bcb-714e69f1a1c0,"2020-06-23 13:29:49.443164",-74.99691554494045,40.56929813787771
"new york",0b8177cd-f8dc-4fc3-84ab-9f705d9a8a36,"2020-06-23 12:59:46.472822",-74.99695736035214,40.5697926244222
"new york",73e9df59-f463-4582-a1ab-10c017aaaa9f,"2020-06-23 12:54:29.279733",-74.99695424798858,40.5705523877209
"new york",31b69507-8659-4fef-ba22-18ed413b5d09,"2020-06-23 13:02:22.602927",-74.996879729159,40.570801884591276
"new york",c55c73a8-987b-47be-8858-ffeca3f2547f,"2020-06-23 12:53:51.749049",-74.99698386826421,40.57089284014934
"new york",a160796f-1608-4604-8eb2-f5bdc7b4709e,"2020-06-23 13:19:48.089093",-74.99695038625585,40.57092508485289
"new york",dae0e43a-5368-4c78-a4c2-d6a503ee0840,"2020-06-23 13:23:27.268635",-74.99686041205386,40.571009336213784
"new york",ed3b4465-42be-4415-83b3-1391f9230b25,"2020-06-23 13:20:37.416003",-74.99697516129422,40.57113783669309
"new york",b52494fa-e728-4142-9d3a-c0143eb30d8a,"2020-06-23 13:28:22.814049",-74.99695523666743,40.57124959971745
"new york",dec8e4ba-238b-413d-8a59-4e432bee29f9,"2020-06-23 13:28:41.484122",-74.99687169971544,40.57200215955613
"new york",9c2f62a5-299e-45d2-b8eb-ecbe73f1b80d,"2020-06-23 13:14:24.758169",-74.99693042502903,40.57211322388413
"new york",460b3ba7-3cfc-480d-a06f-c83202183c0d,"2020-06-23 13:18:20.066682",-74.99688417971944,40.5723122340687
"new york",3ff7f1c5-fe4b-41d4-8a1c-83f12fba50d7,"2020-06-23 13:31:06.851774",-74.99699783093777,40.5724486298071
"new york",31b69507-8659-4fef-ba22-18ed413b5d09,"2020-06-23 13:02:40.320495",-74.99687347451886,40.572457570368854
"new york",06c74a67-fae5-4ba8-b5c5-765653b323a6,"2020-06-23 13:34:53.8171",-74.99684193810077,40.572910135457
"new york",460b3ba7-3cfc-480d-a06f-c83202183c0d,"2020-06-23 13:17:56.479841",-74.99694149276044,40.57392968082992
"new york",eb3f36bd-fd19-4b08-be45-c39326efe8cc,"2020-06-23 13:07:46.272308",-74.99691478389222,40.57415672837602
"new york",eb3f36bd-fd19-4b08-be45-c39326efe8cc,"2020-06-23 13:09:33.730352",-74.99696861073076,40.574523922830515
"new york",a160796f-1608-4604-8eb2-f5bdc7b4709e,"2020-06-23 13:18:17.933483",-74.99688578551164,40.574539822514375
"new york",31b69507-8659-4fef-ba22-18ed413b5d09,"2020-06-23 13:02:55.513746",-74.99688368789128,40.574698839159126
"new york",a160796f-1608-4604-8eb2-f5bdc7b4709e,"2020-06-23 13:17:00.798611",-74.99695912386606,40.574995641897516
"new york",8efeefda-160f-4a72-b956-30d53d526131,"2020-06-23 12:58:01.117807",-74.99681269740589,40.57528684590905
"new york",eb3f36bd-fd19-4b08-be45-c39326efe8cc,"2020-06-23 13:07:50.798239",-74.99680320184324,40.57557526925212
"new york",31b69507-8659-4fef-ba22-18ed413b5d09,"2020-06-23 13:03:16.48309",-74.99699105256452,40.575834732534695
"new york",763e74fe-64ae-43ad-9622-ac523f54b292,"2020-06-23 13:29:39.334481",-74.99684952300035,40.5758503024436
"new york",d0871281-9b7a-44e2-8906-8b182f32036b,"2020-06-23 13:13:43.590802",-74.996957672024,40.575916516835335
"new york",dae0e43a-5368-4c78-a4c2-d6a503ee0840,"2020-06-23 13:24:11.972326",-74.9968909359315,40.57611877058598
"new york",eb3f36bd-fd19-4b08-be45-c39326efe8cc,"2020-06-23 13:09:17.38321",-74.99687389207097,40.576175814437555
"new york",c8394af8-e7b8-4b94-b73a-2145233de5b1,"2020-06-23 13:02:43.958806",-74.99681363010498,40.576371086277604
"new york",ed3b4465-42be-4415-83b3-1391f9230b25,"2020-06-23 13:16:56.060996",-74.99683714169916,40.576687197336355
"new york",06c74a67-fae5-4ba8-b5c5-765653b323a6,"2020-06-23 13:34:48.272903",-74.99681759835164,40.57685340502594
"new york",460b3ba7-3cfc-480d-a06f-c83202183c0d,"2020-06-23 13:20:56.052945",-74.99681484956115,40.57819899077893
"new york",cc4866ca-5b64-47df-9195-293cf28524c4,"2020-06-23 13:26:09.098191",-74.99681270902926,40.578257867697644
"new york",be431eb5-d4fe-4236-a38d-f78c0c6af335,"2020-06-23 13:26:25.362239",-74.99695995180426,40.57933834369183
"new york",9bfec0ba-20d1-486b-be5d-a404d0672a61,"2020-06-23 13:19:00.83921",-74.99680777537262,40.580000368227545
"new york",d9623cd9-2ea5-4fab-a53a-48e846a07391,"2020-06-23 13:06:46.082266",-74.99689461390864,40.58026866489535
"new york",a160796f-1608-4604-8eb2-f5bdc7b4709e,"2020-06-23 13:17:32.577438",-74.99693554613957,40.58059976337923
"new york",95e89a3d-9c9e-46a9-9eec-ae609976687d,"2020-06-23 13:09:02.31272",-74.99695539083577,40.580880683714845
"new york",3c0a5961-b87e-4ec9-8cc2-9b27c720052e,"2020-06-23 13:13:23.309205",-74.99689185556451,40.580969600407265
"new york",c8394af8-e7b8-4b94-b73a-2145233de5b1,"2020-06-23 13:03:54.841161",-74.99684225862669,40.58114109415147
"new york",a666f366-e734-495e-bc5c-dc68c47898f8,"2020-06-23 12:56:35.908237",-74.99680754835903,40.58161383293181
"new york",0b424c3c-723d-4f4a-8d9a-f6baf25ddb7c,"2020-06-23 13:10:51.977642",-74.99682028907955,40.58166570983131
"new york",0f5b7f53-e444-4d0c-96f3-a397e7873c06,"2020-06-23 13:07:30.833286",-74.99681390091244,40.581989314620294
"new york",9bfec0ba-20d1-486b-be5d-a404d0672a61,"2020-06-23 13:20:47.091603",-74.99696213031368,40.582262279084844
"new york",dbf4b17a-fc5a-476d-8b1d-330acc1a2bbf,"2020-06-23 13:10:48.071193",-74.9968646752199,40.5824656460908
"new york",a9eb01b3-cf34-4567-bd9b-84b2832255e7,"2020-06-23 13:23:56.898011",-74.99698239563872,40.58249340370242
"new york",a666f366-e734-495e-bc5c-dc68c47898f8,"2020-06-23 12:56:10.642106",-74.99686341841058,40.582540454211106
"new york",5c7ca8a2-dc65-4df4-9aa0-01a7ba448f3c,"2020-06-23 13:18:30.135122",-74.99688915223642,40.582604792870896
"new york",80839977-c3ac-47bf-b93f-983115a6c040,"2020-06-23 13:03:11.851346",-74.9968646123685,40.58296871225992
"new york",6a63ac5c-a41c-4c4d-8878-dc3fd93edc49,"2020-06-23 12:56:02.038157",-74.99687165311919,40.58341146438604
"new york",d42fc02b-03f6-40fc-ac17-637c9d47928c,"2020-06-23 13:00:10.910344",-74.99698186790704,40.583886224647216
"new york",84f6391f-0cc0-41b0-9f81-20cf1b46eacc,"2020-06-23 12:57:37.781702",-74.99698992842247,40.58395248624978
"new york",80839977-c3ac-47bf-b93f-983115a6c040,"2020-06-23 13:04:44.166062",-74.99683557585571,40.5842073046275
"new york",eb3f36bd-fd19-4b08-be45-c39326efe8cc,"2020-06-23 13:08:29.616945",-74.99695564198866,40.584340770612634
"new york",0b424c3c-723d-4f4a-8d9a-f6baf25ddb7c,"2020-06-23 13:07:46.438306",-74.9968592894949,40.58487279691446
"new york",7f6d5c49-f0e9-4dc9-9f28-48e2e639d21b,"2020-06-23 13:29:53.507031",-74.99698024176283,40.585008575050544
"new york",dae0e43a-5368-4c78-a4c2-d6a503ee0840,"2020-06-23 13:22:24.823679",-74.99684516878507,40.585024983890825
"new york",a8597aa2-ea10-4545-a8f0-786a2d910791,"2020-06-23 13:24:17.355378",-74.9968294354692,40.58515225636031
"new york",24552a55-7743-4fbc-917e-314ad170b581,"2020-06-23 13:32:11.418476",-74.9968875808051,40.58525254479345
"new york",0b424c3c-723d-4f4a-8d9a-f6baf25ddb7c,"2020-06-23 13:09:57.542321",-74.99686307170754,40.585384779927224
"new york",a55f7789-8734-4322-9e9b-bb8b75240ff2,"2020-06-23 13:06:43.580553",-74.9969739277509,40.58547009371099
"new york",9c2f62a5-299e-45d2-b8eb-ecbe73f1b80d,"2020-06-23 13:14:00.358722",-74.9968856589572,40.5857913821883
"new york",d9623cd9-2ea5-4fab-a53a-48e846a07391,"2020-06-23 13:05:21.298162",-74.99697252222454,40.58583942611827
"new york",491e9095-cfb9-4144-be68-5a126cce15f2,"2020-06-23 13:32:24.842375",-74.99699594868335,40.586153580482176
"new york",0996840c-e603-45cd-8779-0ef0abd3a74e,"2020-06-23 13:09:11.298122",-74.99693596752488,40.586272300851796
"new york",6a4ffca5-4f04-4d17-9251-87b43a250a8e,"2020-06-23 13:15:45.886256",-74.99698536183445,40.58660572576242
"new york",9bfec0ba-20d1-486b-be5d-a404d0672a61,"2020-06-23 13:20:35.316831",-74.99691856723275,40.58685130979121
"new york",d9623cd9-2ea5-4fab-a53a-48e846a07391,"2020-06-23 13:01:45.873966",-74.99684787940194,40.586901932338854
"new york",82d1419a-983d-4050-943f-12e927e42258,"2020-06-23 13:17:31.388235",-74.99687934264617,40.587093974027155
"new york",eb3f36bd-fd19-4b08-be45-c39326efe8cc,"2020-06-23 13:08:45.235402",-74.9968303410636,40.587142871881426
"new york",3c0a5961-b87e-4ec9-8cc2-9b27c720052e,"2020-06-23 13:13:35.4311",-74.99688042586409,40.5874740963271
"new york",0b424c3c-723d-4f4a-8d9a-f6baf25ddb7c,"2020-06-23 13:10:13.616018",-74.99680380899248,40.58771805645972
"new york",dae0e43a-5368-4c78-a4c2-d6a503ee0840,"2020-06-23 13:23:24.875768",-74.99682719818952,40.58771884348454
"new york",95e89a3d-9c9e-46a9-9eec-ae609976687d,"2020-06-23 13:09:32.331322",-74.99685428878769,40.58789336040867
"new york",ef8caf66-4e7a-4c5e-827a-474690c473dd,"2020-06-23 13:15:09.275784",-74.99692823486245,40.58795046553067
"new york",ea8537a6-3b46-4d85-b456-f2e36ba503c2,"2020-06-23 13:32:26.798832",-74.99696198541366,40.58804166475256
"new york",d9623cd9-2ea5-4fab-a53a-48e846a07391,"2020-06-23 13:03:13.953125",-74.99680643197523,40.58810879405034
"new york",f67d0a2f-a24c-41c0-a4f6-3b2610b41aab,"2020-06-23 13:33:19.124839",-74.99683820853677,40.58819375251693
"new york",82d1419a-983d-4050-943f-12e927e42258,"2020-06-23 13:19:03.440795",-74.99689981967886,40.58846227042459
"new york",ead7abfc-59c0-4097-b902-28692378e119,"2020-06-23 13:23:27.700609",-74.99684710911654,40.58849612713763
"new york",31b69507-8659-4fef-ba22-18ed413b5d09,"2020-06-23 13:03:15.438448",-74.99690797462867,40.58862490868734
"new york",eb3f36bd-fd19-4b08-be45-c39326efe8cc,"2020-06-23 13:08:07.887529",-74.99696059356137,40.58903518217172
"new york",0f5b7f53-e444-4d0c-96f3-a397e7873c06,"2020-06-23 13:07:41.04174",-74.99690083118968,40.58907234370284
"new york",0996840c-e603-45cd-8779-0ef0abd3a74e,"2020-06-23 13:08:15.822345",-74.99686657098559,40.58910011501315
"new york",a55f7789-8734-4322-9e9b-bb8b75240ff2,"2020-06-23 13:06:11.511409",-74.99686058033338,40.58944845801025
"new york",9bfec0ba-20d1-486b-be5d-a404d0672a61,"2020-06-23 13:17:57.847222",-74.99697651088674,40.58946152267756
"new york",ed3b4465-42be-4415-83b3-1391f9230b25,"2020-06-23 13:20:35.740802",-74.99694247583687,40.58958556962005
"new york",4379e5cf-2659-4a00-9787-b9e90e1644fe,"2020-06-23 13:31:15.959723",-74.99693839926049,40.58984870351206
"new york",9d8dd89f-dea0-4235-a9e7-6c660a438a59,"2020-06-23 12:54:04.101097",-74.99698284201473,40.58995156188108
"new york",83dfcda2-ce3b-40ee-84b7-ba4299aa198c,"2020-06-23 13:00:16.290746",-74.9968126222282,40.59020909489449
"new york",ea8537a6-3b46-4d85-b456-f2e36ba503c2,"2020-06-23 13:32:01.306444",-74.99693475944389,40.590445801585716
"new york",80839977-c3ac-47bf-b93f-983115a6c040,"2020-06-23 13:03:39.088427",-74.9968164421759,40.5907930750477
"new york",0f5b7f53-e444-4d0c-96f3-a397e7873c06,"2020-06-23 13:10:01.105312",-74.99699624421095,40.59085734229068
"new york",460b3ba7-3cfc-480d-a06f-c83202183c0d,"2020-06-23 13:18:07.534532",-74.9968197836906,40.59115177012845
"new york",b52494fa-e728-4142-9d3a-c0143eb30d8a,"2020-06-23 13:27:28.407988",-74.99690445467903,40.59116546384542
"new york",cde26874-0851-4b70-9008-bf1cde677518,"2020-06-23 13:07:09.594891",-74.99699952698776,40.59143332403253
"new york",b33b8f14-7481-414a-aa6f-4df6215f35f4,"2020-06-23 12:53:53.409605",-74.9969251798966,40.591793079997785
"new york",dbf4b17a-fc5a-476d-8b1d-330acc1a2bbf,"2020-06-23 13:08:01.006518",-74.99682966796811,40.59261486333541
"new york",460b3ba7-3cfc-480d-a06f-c83202183c0d,"2020-06-23 13:18:29.50861",-74.99694913656637,40.59339490169536
"new york",c8394af8-e7b8-4b94-b73a-2145233de5b1,"2020-06-23 13:02:58.575578",-74.99681855169541,40.5934238539578
"new york",1fcb7043-4682-48ce-a636-ac5cc6681a5b,"2020-06-23 12:55:37.450403",-74.99688782978737,40.59348118990768
"new york",a666f366-e734-495e-bc5c-dc68c47898f8,"2020-06-23 12:58:20.514726",-74.99684810776878,40.59355799714496
"new york",80839977-c3ac-47bf-b93f-983115a6c040,"2020-06-23 13:06:08.874134",-74.99699481781931,40.5936244788782
"new york",0996840c-e603-45cd-8779-0ef0abd3a74e,"2020-06-23 13:08:29.322107",-74.99690351557919,40.594144794759686
"new york",a55f7789-8734-4322-9e9b-bb8b75240ff2,"2020-06-23 13:06:15.258202",-74.9968470958244,40.594316402131874
"new york",a666f366-e734-495e-bc5c-dc68c47898f8,"2020-06-23 12:56:44.70152",-74.99693851435052,40.59456546224632
"new york",0996840c-e603-45cd-8779-0ef0abd3a74e,"2020-06-23 13:10:39.368762",-74.99699557506813,40.594579747758516
"new york",82d1419a-983d-4050-943f-12e927e42258,"2020-06-23 13:20:53.411893",-74.99692136124078,40.59486355540155
"new york",cde26874-0851-4b70-9008-bf1cde677518,"2020-06-23 13:06:48.436329",-74.99688329929157,40.5949945094166
"new york",84f6391f-0cc0-41b0-9f81-20cf1b46eacc,"2020-06-23 12:59:33.046082",-74.9969740885715,40.59506672138359
"new york",a160796f-1608-4604-8eb2-f5bdc7b4709e,"2020-06-23 13:19:54.857885",-74.99684366031482,40.595302136497196
"new york",84f6391f-0cc0-41b0-9f81-20cf1b46eacc,"2020-06-23 12:58:33.94997",-74.99689698621916,40.595618175695826
"new york",31b69507-8659-4fef-ba22-18ed413b5d09,"2020-06-23 13:04:28.397461",-74.99694278996134,40.595678673152584
"new york",ead7abfc-59c0-4097-b902-28692378e119,"2020-06-23 13:23:07.518466",-74.99690426742049,40.595986688076316
"new york",d0871281-9b7a-44e2-8906-8b182f32036b,"2020-06-23 13:12:29.20516",-74.99686205882087,40.59637744676652
"new york",ed3b4465-42be-4415-83b3-1391f9230b25,"2020-06-23 13:18:26.722221",-74.99684537045698,40.5974776876254
"new york",a9eb01b3-cf34-4567-bd9b-84b2832255e7,"2020-06-23 13:22:47.368434",-74.99695421441129,40.5981246883223
"new york",82d1419a-983d-4050-943f-12e927e42258,"2020-06-23 13:18:04.681949",-74.99685511079582,40.59826516292315
"new york",a8597aa2-ea10-4545-a8f0-786a2d910791,"2020-06-23 13:24:15.518792",-74.9968705376101,40.598489081391364
"new york",ab0da9de-37ce-4386-a4f5-bbaa50245f80,"2020-06-23 13:30:46.14101",-74.99688605311052,40.59886365861652
"new york",9bfec0ba-20d1-486b-be5d-a404d0672a61,"2020-06-23 13:19:52.400755",-74.99688002795823,40.59904267080057
"new york",5c7ca8a2-dc65-4df4-9aa0-01a7ba448f3c,"2020-06-23 13:19:51.879395",-74.99695289028584,40.59906575503471
"new york",cc4866ca-5b64-47df-9195-293cf28524c4,"2020-06-23 13:27:05.796318",-74.99684926226146,40.5991121380814
"new york",a666f366-e734-495e-bc5c-dc68c47898f8,"2020-06-23 12:56:20.333947",-74.99680100513075,40.599288414612694
"new york",3cc6275f-f241-431a-8d54-419d75aedd8d,"2020-06-23 13:29:55.546449",-74.99684151121252,40.59935044412566
"new york",5c7ca8a2-dc65-4df4-9aa0-01a7ba448f3c,"2020-06-23 13:15:24.242801",-74.99698352971872,40.59962460777036
"new york",eb3f36bd-fd19-4b08-be45-c39326efe8cc,"2020-06-23 13:08:32.071868",-74.99683859919287,40.599710091911305
"new york",82d1419a-983d-4050-943f-12e927e42258,"2020-06-23 13:18:21.463568",-74.99684369680016,40.599768404498
"new york",a160796f-1608-4604-8eb2-f5bdc7b4709e,"2020-06-23 13:21:07.621915",-74.99683236700707,40.5999882430257